"student.no","program","stats.exp","stats.anx","expected.grade","mood.start","cat.dog","aus.animal","height","video.games","introversion2","introversion5","introversion7","introversion8","introversion10","introversion1","pre.drink","post.drink","support.1","support.2","support.3","support.4","support.5","stress.1","stress.2","stress.3","stress.4","stress.5","sleep1","sleep2","sleep3","sleep4","sleep5","sleep6","navigation1","navigation2","navigation3","navigation4","navigation5","pathogen1","pathogen2","pathogen3","pathogen4","pathogen5","pathogen6","pathogen7","exercise.attitude.1","exercise.attitude.2","exercise.attitude.3","exercise.attitude.4","exercise.attitude.5","exercise.intention.1","exercise.intention.2","exercise.intention.3","exercise.intention.4","exercise.intention.5","exercise.control.1","exercise.control.2","exercise.control.3","exercise.norms.1","exercise.norms.2","exercise.norms.3","exercise.norms.4","exercise.norms.5","exercise.behaviour.1","exercise.behaviour.2","exercise.behaviour.3","exercise.behaviour.4","exercise.behaviour.5","stars.1","stars.2","stars.3","stars.4","stars.5","stars.6","stars.7","stars.8","stars.9","stars.10","stars.11","stars.12","stars.13","stars.14","stars.15","stars.16","stars.17","stars.18","stars.19","stars.20","stars.21","stars.22","stars.23","stars.24","stars.25","stars.26","stars.27","stars.28","stars.29","stars.30","stars.31","stars.32","stars.33","stars.34","stars.35","stars.36","stars.37","stars.38","stars.39","stars.40","stars.41","stars.42","stars.43","stars.44","stars.45","stars.46","stars.47","stars.48","stars.49","stars.50","stars.51","rotation_time","rotation_response","male1","male2","male3","female1","female2","female3","mood.end","progress.update"
82786183,"Conversion MSc",4,6,85,44,"cat","echidna",5.1,"Yes",1,2,5,3,4,4,9,25,6,4,1,6,4,3,1,2,2,4,3,3,2,2,2,4,6,6,2,2,6,0,5,2,0,3,0,2,-3,-3,-1,-2,1,1,-2,3,1,-2,1,4,2,0,-1,0,2,-2,1,4,5,6,3,4,5,2,1,3,2,5,2,4,1,1,4,4,3,1,2,1,1,4,1,2,2,3,3,2,1,5,4,5,5,4,3,2,1,5,1,5,4,2,5,2,3,2,5,4,5,1,1,2,1,4,91.3161510692881,"B",3,2,3,9,2,9,20,"Yes"
43077832,"Conversion MSc",7,6,85,48,"cat","kangaroo",187.681880169458,"No",5,4,2,5,1,5,25,8,7,5,2,2,4,4,0,0,1,4,1,4,1,3,1,4,4,2,5,3,1,3,1,1,0,4,4,2,0,0,0,1,0,2,-3,-2,-1,0,2,4,5,-1,-2,0,-1,1,3,1,3,4,5,3,2,1,2,4,1,5,4,4,3,2,3,1,2,1,2,4,2,5,1,1,2,5,5,3,1,1,1,5,2,4,5,4,4,4,3,4,5,4,4,2,5,2,1,1,2,1,4,5,5,2,77.644367785751,"A",2,8,4,7,9,7,77,"Yes"
81664985,"Conversion MSc",5,8,51,2,"cat","wombat",195.76959166072,"Yes",5,4,3,4,3,5,11,18,4,1,4,7,5,1,1,4,3,3,5,2,5,4,3,5,2,2,5,6,7,3,2,3,3,4,6,4,0,2,-2,3,3,1,-1,-3,1,1,3,6,4,-2,-1,-2,3,2,4,1,4,6,1,2,4,4,3,2,4,3,3,1,5,4,2,2,3,4,5,3,1,5,5,4,2,1,5,2,4,1,5,2,4,3,5,1,2,2,3,4,5,1,4,1,2,3,2,2,1,4,1,1,5,1,33.2064234207343,"A",6,8,2,8,6,5,7,"No"
55677631,"Other Research MSc",4,8,51,66,"cat","kangaroo",187.616303440686,"No",4,2,4,5,3,2,7,2,1,5,2,1,6,1,0,2,2,2,4,5,1,2,4,2,5,7,1,4,3,3,5,2,1,1,6,5,3,-3,1,-2,-1,-3,-2,2,3,1,5,6,5,2,3,-2,-1,2,3,4,6,0,4,2,4,5,2,3,4,4,3,4,1,3,2,1,1,5,5,4,4,3,1,4,3,1,5,3,1,4,4,5,3,4,2,1,1,2,1,5,2,5,4,2,4,1,1,5,1,4,2,4,2,5,30.3816692622571,"B",7,3,3,7,4,9,52,"No"
95947746,"Health MSc",1,1,90,86,"dog","kangaroo",156.928544829888,"Yes",3,2,4,5,2,1,27,14,6,6,7,5,7,1,3,4,1,1,4,4,3,3,2,1,3,1,7,1,1,3,5,5,6,3,3,5,2,-1,1,-1,3,-2,1,1,0,3,0,6,2,0,2,0,-1,3,0,2,4,4,4,2,3,1,4,1,2,5,3,2,5,2,4,5,1,3,5,1,3,4,5,5,1,1,1,4,5,1,2,4,5,4,1,1,5,4,5,3,4,4,4,5,2,2,3,1,3,2,1,3,3,4,165.945280319596,"A",9,8,5,8,7,4,20,"No"
97939003,"Conversion MSc",8,2,56,54,"dog","platypus",180.998617326027,"Yes",1,5,4,2,2,2,9,5,3,4,1,2,2,2,1,1,2,0,1,5,3,1,5,2,5,4,3,6,2,2,6,5,3,2,4,2,-3,-2,1,1,2,3,-3,-3,0,0,3,4,4,0,-2,0,-2,2,6,5,3,5,2,5,2,2,3,1,1,3,4,2,5,2,2,2,4,3,5,5,2,2,3,4,5,3,1,5,3,3,1,4,1,3,2,1,5,3,3,1,5,3,3,2,3,3,3,3,4,1,1,2,4,5,33.1854503911513,"A",7,2,1,6,2,5,18,"Yes"
16039991,"Other Research MSc",8,3,71,30,"dog","echidna",170.879887459044,"No",2,1,3,3,4,1,2,9,1,7,2,5,5,3,2,1,1,1,5,3,4,2,3,2,1,1,7,6,7,0,0,6,2,1,4,0,0,2,1,0,2,-2,2,3,-1,-1,4,5,0,2,-2,-3,-1,-3,2,6,1,5,2,1,4,4,4,3,4,1,3,4,5,4,3,4,2,5,1,4,5,5,2,2,3,5,5,4,1,4,1,1,5,3,5,4,3,5,1,1,3,2,4,5,5,1,4,5,2,1,5,4,2,2,131.220077880696,"B",8,5,6,6,6,5,19,"No"
24083990,"Conversion MSc",2,6,61,92,"dog","koala",158.150424622402,"No",5,5,4,3,5,4,13,8,4,4,1,5,4,3,3,3,4,3,1,2,3,2,2,2,4,6,1,5,5,1,1,6,5,2,0,5,0,-2,-2,-2,-1,-3,-2,-1,1,0,1,3,0,-2,2,-2,1,2,5,3,3,2,6,2,2,1,1,1,4,5,4,1,5,2,1,3,2,4,5,3,1,1,2,2,1,2,4,2,1,5,1,4,3,1,4,2,3,2,3,4,2,2,5,2,3,5,4,3,1,5,3,3,2,4,178.675024595729,"C",6,3,5,8,2,5,15,"No"
33682063,"Health MSc",1,3,92,48,"dog","koala",179.289329143453,"No",5,3,2,3,4,2,27,21,2,1,1,6,1,0,3,4,4,2,3,1,3,2,3,3,1,3,1,6,5,0,1,5,5,3,6,3,1,1,2,-2,-3,-2,3,3,-1,3,6,0,4,-1,3,0,3,3,4,3,1,6,3,3,2,4,4,1,4,1,4,3,4,3,3,2,1,1,2,2,1,2,2,4,2,5,5,3,5,3,1,1,3,2,3,4,3,5,5,2,4,1,3,5,1,2,1,4,4,1,4,1,1,3,339.734920765632,"B",7,2,6,3,4,2,26,"Yes"
42865456,"Other Research MSc",4,7,70,50,"both","wombat",160.314257072224,"No",4,5,4,5,4,3,24,1,7,2,4,3,7,1,0,3,3,1,1,1,5,4,1,5,3,1,3,6,6,4,0,4,0,0,2,3,0,2,-3,-2,-2,-3,2,3,-3,0,3,2,1,1,3,-2,-1,1,5,4,0,5,1,1,4,1,5,4,3,4,3,2,5,5,4,1,5,4,1,5,2,3,2,1,2,4,5,3,4,5,5,4,5,4,3,2,5,2,5,1,1,5,1,5,1,1,4,2,5,1,5,4,1,4,76.2854088789792,"C",7,8,5,2,2,4,99,"Yes"
18510503,"Conversion MSc",8,3,62,41,"cat","platypus",188.516261724503,"No",2,4,1,2,4,1,9,17,3,4,3,7,4,0,3,4,3,2,5,5,2,3,4,2,2,4,4,4,6,6,2,0,4,3,4,5,1,2,-2,0,3,-1,1,-3,3,2,1,1,0,-2,1,-1,1,-2,1,0,3,2,6,4,4,1,1,2,1,4,1,1,1,5,1,1,1,2,4,1,3,2,5,5,1,1,5,5,5,5,4,1,5,2,2,5,4,4,4,1,4,5,3,1,3,5,2,5,4,1,2,2,3,3,109.428944636205,"B",2,2,4,2,5,9,97,"Yes"
15280102,"Health MSc",9,2,71,99,"cat","echidna",167.63815345668,"No",4,2,1,4,4,1,22,29,4,5,6,4,4,2,2,0,2,2,1,3,3,4,1,4,3,4,5,5,1,3,4,5,0,4,1,5,3,-2,-2,-2,-3,-3,0,-3,3,-1,3,5,0,-1,-3,1,-3,-3,6,6,4,5,0,5,2,3,3,3,2,1,2,1,4,3,4,2,4,2,3,4,3,2,3,4,5,1,2,5,3,3,1,5,2,5,4,1,4,4,5,5,3,5,3,2,1,1,5,4,1,3,1,2,3,1,196.314085181647,"C",3,8,7,1,6,2,24,"Yes"
51112667,"Conversion MSc",9,9,84,95,"cat","echidna",176.463487713945,"Yes",4,1,2,5,2,3,27,10,3,3,6,1,7,4,1,2,2,3,2,3,5,5,5,3,3,1,4,6,3,1,6,2,2,3,0,1,-2,-1,-1,0,-3,1,-2,-3,2,1,5,2,0,-2,-1,-2,3,-3,2,0,2,6,0,3,1,2,1,1,2,5,1,4,4,1,3,4,5,5,3,2,5,3,1,5,5,3,2,3,1,5,5,3,1,5,5,1,3,3,5,1,3,5,2,1,3,3,3,5,3,3,1,5,1,4,11.3229659558841,"C",9,3,6,5,1,6,15,"No"
19463848,"Other Research MSc",6,2,54,40,"dog","platypus",173.732872429007,"Yes",5,4,3,3,3,5,8,22,7,7,3,5,3,4,2,2,1,0,5,5,3,1,2,2,1,6,3,2,4,5,5,2,0,0,1,5,-2,2,3,-2,-2,-1,2,-1,3,-1,2,2,6,1,-1,0,1,-1,1,0,0,4,0,3,5,2,5,3,5,4,5,3,5,1,4,2,1,3,3,1,1,2,2,2,5,3,2,2,2,3,4,4,1,4,5,3,2,5,3,2,1,2,2,1,3,3,1,5,4,4,2,2,3,3,63.8943197508902,"B",3,7,6,5,7,4,14,"Yes"
97457083,"Conversion MSc",2,9,88,99,"cat","platypus",168.487304558816,"Yes",5,3,1,4,3,4,13,9,4,3,1,1,4,4,1,3,2,0,2,4,5,4,5,2,2,6,6,5,7,6,2,2,6,4,0,1,-1,-3,2,0,-1,2,3,2,-2,3,6,5,4,3,1,2,3,3,4,3,4,6,6,3,2,3,2,2,3,3,5,2,4,4,1,2,2,1,2,5,5,2,1,1,2,3,3,5,1,4,3,5,4,4,3,2,4,1,2,5,5,3,5,4,3,4,2,4,5,3,1,1,2,1,110.175506191212,"B",1,2,2,4,8,2,74,"No"
18753960,"Health MSc",4,4,80,74,"dog","koala",175.832956665816,"Yes",2,5,4,5,2,1,11,30,2,5,2,6,4,0,3,2,0,4,2,5,5,2,2,2,5,6,1,2,5,1,2,5,0,4,6,5,-3,2,-3,2,2,2,3,3,-1,2,1,5,2,-1,-1,2,1,3,2,2,2,0,4,1,1,1,3,5,4,4,1,2,5,5,5,2,4,4,4,2,2,5,4,4,3,2,2,2,4,5,1,2,1,4,5,2,5,5,1,1,3,4,4,4,1,1,2,5,1,2,2,2,5,4,219.282419041365,"A",3,7,9,3,1,8,92,"Yes"
86891708,"Health MSc",6,9,71,71,"cat","koala",187.269495395243,"Yes",2,3,2,4,1,1,3,8,6,6,6,5,3,0,3,4,3,0,4,5,1,1,3,5,5,7,3,1,4,6,2,6,1,1,0,3,-1,1,-1,0,3,-3,1,-1,-3,-2,0,1,1,-2,0,0,0,0,4,5,1,0,1,3,2,3,2,3,1,2,4,5,5,5,5,2,5,2,3,2,5,2,2,2,1,3,1,3,5,2,5,4,1,1,4,5,4,5,5,3,5,3,5,4,3,5,1,4,4,4,2,2,3,4,140.625103250189,"B",5,4,5,5,1,9,74,"Yes"
49298785,"Conversion MSc",5,1,81,32,"dog","echidna",191.115337108534,"Yes",2,1,1,3,1,5,2,14,4,6,4,2,5,4,4,1,4,3,3,2,5,5,5,4,3,5,7,5,3,2,4,6,2,4,6,0,3,1,-2,3,-3,-1,3,3,2,0,2,6,5,-3,3,3,2,-1,4,2,0,1,0,4,3,5,5,3,4,1,1,3,1,1,5,4,4,2,4,4,5,1,5,1,1,5,2,5,3,3,4,1,1,3,4,1,1,1,4,4,1,1,3,3,1,5,3,3,1,1,5,3,5,3,41.6409549268097,"B",6,2,8,9,2,2,56,"No"
17033090,"Other Research MSc",3,8,88,73,"cat","platypus",161.569957294465,"Yes",1,4,3,5,3,4,30,3,6,1,5,7,7,1,0,1,4,0,2,3,5,2,3,5,6,1,3,2,6,1,4,3,3,1,1,3,-1,-1,-2,-1,-2,3,0,2,1,-1,6,5,2,0,0,2,-3,-3,6,4,2,2,4,4,4,1,2,3,3,4,4,4,4,5,1,4,3,1,4,4,5,4,3,4,1,2,1,3,4,2,4,4,5,3,4,4,3,3,3,1,3,2,2,4,1,5,1,4,1,2,4,4,3,3,157.979705632179,"C",5,4,7,4,6,4,32,"Yes"
84453694,"Other Research MSc",5,8,50,89,"cat","echidna",170.686418839518,"No",3,1,3,4,5,1,14,13,3,4,6,1,6,0,2,0,4,2,3,1,3,2,4,5,4,6,2,4,2,2,5,1,1,6,4,2,-3,0,-1,-3,-1,2,-1,-2,1,2,1,2,3,3,-2,2,3,2,1,3,4,6,0,5,3,5,3,5,1,1,3,5,4,3,1,1,2,4,3,1,3,3,1,4,1,3,4,2,5,3,1,4,2,2,1,3,5,2,4,2,3,4,1,4,4,2,5,1,2,4,2,5,4,2,102.319761460024,"A",2,8,7,3,2,5,63,"No"
72710827,"Health MSc",2,7,74,26,"cat","kangaroo",180.384468823231,"No",1,4,4,1,1,4,25,23,2,2,4,2,6,3,4,1,3,2,2,2,5,4,4,1,2,1,3,5,4,6,0,0,1,0,4,4,1,-1,-2,1,3,1,1,-3,-3,0,6,3,0,3,0,0,0,3,5,4,5,5,5,4,3,1,3,1,5,1,5,2,1,4,5,1,3,1,3,3,5,2,4,4,5,2,2,4,2,1,5,5,4,5,2,3,1,5,1,3,2,2,1,2,4,3,3,5,1,5,3,5,5,4,77.6720792856095,"B",2,4,3,9,1,5,74,"Yes"
43401731,"Other Research MSc",9,5,76,63,"dog","wombat",167.852360214674,"Yes",2,5,4,5,1,2,29,23,2,7,3,1,5,1,4,3,3,2,1,3,5,2,2,4,3,7,5,2,6,1,3,6,1,5,3,6,-3,-2,2,1,-2,2,1,-2,3,3,2,4,2,-3,-2,-2,0,-1,2,4,0,2,1,2,4,4,3,5,5,2,2,5,3,4,1,3,3,4,3,5,5,2,5,2,1,3,4,2,4,4,5,3,5,5,2,4,5,5,5,3,1,2,3,4,5,5,5,2,1,1,5,3,2,3,29.002005603757,"C",8,6,1,4,8,8,5,"No"
53318896,"Other Research MSc",5,5,82,86,"cat","wombat",165.845138776663,"Yes",4,1,4,4,2,5,22,29,1,4,4,3,5,0,2,2,0,2,2,5,4,5,2,3,1,6,1,2,2,0,2,3,4,1,6,6,1,0,-3,2,3,3,3,-3,3,-2,0,2,1,-2,1,-3,3,-1,3,6,2,1,3,5,2,1,3,3,4,3,4,2,3,3,1,5,3,2,1,2,1,4,1,5,4,1,5,3,1,5,5,5,5,4,5,2,3,1,5,1,1,4,3,2,5,5,3,4,2,5,1,5,4,4,205.603739549255,"A",1,2,5,6,7,4,53,"Yes"
96537076,"Conversion MSc",4,7,64,1,"cat","platypus",175.355300932771,"Yes",1,3,3,1,2,3,21,14,5,2,3,5,1,2,0,2,0,1,1,4,3,2,5,3,5,2,7,5,5,1,3,4,6,6,1,0,-3,0,0,-1,-1,0,1,1,-1,3,3,5,1,-1,2,3,-3,-1,5,5,1,2,5,4,2,3,3,5,1,1,4,5,3,1,5,1,2,2,2,5,4,5,1,3,3,1,3,2,5,5,1,5,2,4,5,3,2,3,4,2,4,5,2,1,1,3,5,4,4,4,5,5,5,4,192.93720784606,"C",6,3,4,2,6,9,61,"No"
13391051,"Conversion MSc",9,6,74,99,"cat","platypus",186.416562259636,"Yes",1,3,5,1,5,3,30,22,3,4,2,5,7,2,4,2,1,0,2,4,3,4,3,1,1,5,4,7,6,3,1,0,3,0,6,2,-2,-3,-2,1,-2,0,-1,-3,-1,-3,4,2,2,2,0,-1,-2,-2,3,0,2,5,1,5,3,4,5,4,1,2,1,2,1,4,2,2,5,5,1,5,2,5,4,3,2,1,3,2,2,5,5,1,5,3,1,1,1,2,2,1,5,5,3,1,1,2,3,3,1,1,3,5,1,5,149.417494253854,"C",9,2,1,2,7,7,13,"No"
59318907,"Conversion MSc",1,6,52,64,"both","wombat",190.865794043686,"Yes",1,3,5,1,2,3,21,6,6,7,2,5,7,0,3,2,0,0,1,3,2,1,2,4,3,1,3,5,7,2,5,2,0,2,0,2,0,3,1,3,1,2,-1,0,-1,-2,1,5,2,2,0,0,-1,2,1,1,3,1,5,4,1,1,3,4,2,2,5,3,2,1,3,5,1,3,4,2,3,4,1,5,3,4,3,4,4,4,2,1,1,5,1,2,2,3,3,1,5,3,5,1,5,2,5,1,4,1,5,1,2,2,224.829590559389,"C",4,1,2,6,5,3,50,"Yes"
74886326,"Conversion MSc",8,6,72,85,"cat","echidna",169.060080454077,"No",5,1,2,1,5,5,13,30,5,2,7,6,3,3,2,3,3,1,5,1,2,1,4,5,3,1,2,3,2,2,0,3,6,1,3,4,1,3,-3,2,1,3,1,-2,3,0,0,5,1,3,2,2,-2,-2,2,4,3,0,2,4,1,1,4,4,1,3,4,2,1,3,3,2,3,5,5,5,5,5,2,2,4,4,5,3,4,1,4,4,5,2,4,2,5,1,2,1,4,1,5,1,4,1,1,2,4,1,1,2,2,5,242.393538945701,"C",6,9,5,2,1,5,91,"Yes"
82790591,"Other Research MSc",4,2,82,83,"dog","echidna",169.322455537851,"No",1,3,4,2,2,1,12,30,2,7,5,6,1,1,2,1,4,1,5,5,2,3,5,5,2,7,2,5,7,6,3,4,3,1,2,3,-3,2,-1,1,0,2,3,1,1,3,2,0,6,2,0,0,-1,-3,6,2,6,6,1,2,3,5,4,4,1,3,1,4,5,2,4,5,4,4,5,5,5,3,1,3,5,4,3,1,1,2,2,3,2,4,2,1,5,3,3,1,5,5,5,1,4,3,5,4,5,5,2,3,3,5,117.289244321423,"C",2,1,8,2,6,5,35,"No"
28448700,"Health MSc",6,3,54,22,"dog","koala",166.732957596908,"No",2,4,4,4,5,5,18,11,7,7,4,1,6,4,2,0,1,3,5,5,2,1,1,1,5,2,6,2,1,6,2,4,6,0,3,4,-2,-1,-1,-2,0,-2,-1,-2,2,1,5,1,6,3,-1,3,3,2,4,1,0,2,6,4,1,2,1,5,3,3,2,1,1,2,3,5,2,2,4,1,1,5,2,2,2,4,2,1,1,5,5,2,5,1,2,3,4,1,2,1,4,2,3,4,1,3,3,5,2,2,1,3,2,1,177.993537584099,"A",3,2,6,2,4,8,26,"Yes"
61340824,"Other Research MSc",3,7,67,74,"dog","wombat",166.826792627623,"No",3,3,4,5,2,3,4,16,4,7,2,6,7,3,4,0,4,1,1,5,5,3,4,3,3,7,2,5,1,5,4,6,4,0,4,4,2,-2,1,-1,2,-1,-2,2,-1,1,4,2,6,-1,3,1,1,-3,0,5,2,1,0,1,5,4,2,1,3,1,2,3,4,3,5,4,3,1,3,3,3,1,4,2,4,5,5,3,4,2,2,1,5,1,5,4,5,4,1,4,5,3,5,3,5,1,2,3,2,4,1,2,4,2,96.7080403858916,"B",2,6,9,8,4,6,98,"Yes"
76867524,"Other Research MSc",5,4,95,31,"cat","wombat",196.826613288247,"Yes",2,2,5,1,4,3,9,22,7,5,6,4,5,3,0,0,4,4,1,2,1,2,3,3,1,1,6,7,4,6,1,1,3,6,1,0,-3,-1,-1,-1,-3,-2,-1,1,2,-1,1,2,5,1,-2,2,-2,-2,0,2,5,4,1,4,2,2,1,4,2,4,4,2,3,3,3,1,1,5,4,5,3,3,1,4,3,3,2,3,5,4,5,3,3,1,2,2,3,1,2,2,5,4,2,3,4,5,2,2,2,4,2,5,4,1,236.368844438708,"B",6,5,5,1,5,9,78,"Yes"
60396005,"Conversion MSc",9,6,83,1,"cat","platypus",182.091716810238,"Yes",5,4,5,5,3,4,29,23,6,1,1,3,5,2,0,3,4,1,3,3,4,2,1,3,5,3,7,2,5,0,6,5,0,4,2,2,-2,1,2,-1,-2,-2,1,2,3,-3,4,4,2,-3,1,0,1,1,4,5,2,2,5,1,1,2,4,4,4,2,3,1,4,3,3,5,5,4,1,2,1,3,5,5,3,3,1,2,1,5,1,1,2,1,2,5,1,3,1,5,5,4,4,5,4,1,1,3,1,2,2,4,3,2,17.328884551018,"C",7,1,4,3,1,8,51,"No"
21511838,"Conversion MSc",5,5,83,21,"cat","platypus",181.536024748741,"Yes",2,3,4,2,3,5,12,2,4,6,6,1,7,4,1,3,4,2,3,5,2,5,3,4,7,1,1,4,6,4,4,1,0,6,0,0,-1,-2,1,3,-3,3,3,3,2,-1,5,0,2,3,-1,0,-3,-1,0,4,6,3,0,5,4,2,2,1,5,5,5,4,2,1,1,1,2,1,1,1,4,1,5,3,5,5,1,4,1,4,3,1,3,5,4,2,5,4,2,1,2,4,5,4,5,1,2,3,4,3,5,1,4,5,167.500402725817,"C",4,5,3,5,9,4,98,"Yes"
35494041,"Other Research MSc",1,9,75,11,"cat","wombat",168.722531689208,"Yes",3,5,3,2,3,4,0,0,2,5,7,3,7,4,4,3,2,3,1,3,1,1,5,4,3,3,4,6,3,0,6,0,4,4,5,4,-2,1,-2,0,3,-3,-1,1,-2,-2,1,1,4,3,2,1,-1,3,1,3,0,6,0,4,5,3,1,5,5,5,4,4,3,3,3,4,4,4,3,5,4,4,5,2,1,4,3,2,4,2,1,2,1,5,5,2,3,5,2,5,4,1,1,1,1,1,2,4,4,4,2,4,1,4,72.1707667003045,"A",3,8,9,7,9,8,76,"No"
26437861,"Conversion MSc",1,4,63,52,"dog","wombat",169.542081076861,"Yes",3,3,1,2,3,3,21,19,2,2,5,6,6,4,2,1,1,2,1,3,5,4,1,5,3,2,3,3,4,3,3,2,0,0,6,3,3,1,0,1,-1,-3,2,0,0,3,0,1,6,1,-2,-3,-2,3,1,1,2,2,6,3,5,2,5,5,2,1,2,2,2,2,3,3,5,2,3,4,2,5,1,3,5,2,4,1,5,4,3,2,2,2,3,5,2,4,3,3,4,2,2,5,5,4,1,2,2,5,5,1,3,4,167.31842178321,"B",5,9,7,1,4,4,37,"Yes"
76665271,"Conversion MSc",8,4,71,15,"cat","platypus",177.104360904692,"Yes",2,2,5,5,1,3,23,23,3,1,3,3,4,4,4,2,1,1,3,1,5,5,1,2,1,3,1,7,3,4,2,2,2,1,4,2,-2,1,1,-2,-2,-1,1,-2,-2,-3,2,2,3,3,2,0,1,-1,1,4,5,4,1,4,4,2,3,4,5,2,2,3,5,2,5,2,2,3,1,5,1,4,1,1,1,5,5,2,5,5,1,1,2,4,5,1,4,2,1,4,5,1,4,4,4,1,1,2,5,3,1,5,1,3,219.35892661296,"A",6,4,3,8,2,6,85,"Yes"
38582102,"Conversion MSc",2,7,54,33,"cat","koala",189.876542985766,"Yes",3,3,1,3,3,4,15,0,7,4,7,1,4,3,2,1,2,4,4,2,3,1,3,4,7,7,3,7,5,6,3,2,3,6,0,5,-1,-2,2,3,-2,-2,3,-3,-1,-1,2,2,4,-1,0,0,1,0,6,2,0,3,2,1,2,5,3,5,2,3,5,5,5,5,3,4,2,4,1,4,3,4,4,4,1,4,1,1,2,3,4,5,4,3,5,1,1,3,3,5,2,2,3,1,4,1,5,1,4,5,4,2,2,3,178.201457171927,"C",3,2,5,7,1,1,56,"Yes"
55276405,"Health MSc",8,1,53,89,"dog","koala",176.290363330039,"No",2,2,3,1,4,1,18,0,6,1,4,6,6,3,2,4,0,3,2,3,2,2,5,4,1,2,1,1,4,1,2,6,4,0,0,0,3,3,2,-2,-3,-3,2,-1,-1,-1,4,4,2,2,2,-1,3,1,4,6,3,0,1,5,5,5,3,1,5,3,2,4,1,2,3,3,5,3,2,4,2,3,3,4,3,1,1,2,5,5,3,2,2,5,4,4,1,5,2,1,5,3,4,3,4,2,2,2,5,4,2,5,3,3,301.536669299491,"C",4,8,8,5,2,8,96,"No"
22774926,"Conversion MSc",6,9,83,19,"cat","wombat",179.174544612702,"Yes",4,1,2,4,1,3,1,24,7,6,4,2,1,0,2,0,1,1,2,2,2,3,1,5,4,2,6,3,1,6,2,5,2,4,4,2,-1,1,2,-1,-1,-1,1,-2,2,-3,3,5,1,1,3,1,0,2,4,6,5,4,0,3,4,1,4,4,2,5,3,3,4,2,1,1,5,5,3,4,1,2,5,1,4,4,4,1,3,4,2,4,1,3,1,5,5,4,2,2,3,1,4,5,5,5,2,1,1,5,1,4,1,1,280.257761611983,"B",9,2,9,1,9,8,45,"No"
88904117,"Health MSc",4,5,56,65,"cat","koala",169.521919137188,"No",5,2,3,4,2,1,12,1,2,2,3,7,1,3,2,3,2,0,4,4,3,1,5,5,5,4,4,1,3,4,0,6,4,1,2,0,2,-1,-1,1,2,-1,1,-2,-2,1,6,5,3,2,0,1,3,-1,2,1,3,3,6,1,1,1,5,4,4,1,4,4,5,4,1,2,3,2,3,5,5,4,4,1,2,5,3,5,1,3,4,3,4,1,1,2,4,1,2,5,1,4,4,1,3,2,2,3,1,1,3,3,4,4,213.048332881766,"C",1,3,7,3,9,9,24,"Yes"
89693431,"Health MSc",9,2,70,83,"cat","wombat",194.081270283791,"No",2,5,3,1,3,2,21,9,2,7,4,3,7,1,1,0,2,1,3,5,4,4,4,2,3,4,2,4,7,1,2,3,6,1,2,2,0,0,3,0,3,1,-1,3,-2,1,1,2,0,-2,2,1,0,-1,4,4,0,6,1,1,1,2,2,5,2,4,4,2,2,5,4,2,5,5,1,1,2,2,1,5,4,4,5,3,2,1,2,3,1,2,2,2,1,1,3,1,2,2,5,2,4,5,3,1,4,2,2,3,1,3,110.352946819438,"B",6,5,5,3,4,7,7,"No"
43881236,"Other Research MSc",8,9,93,14,"dog","koala",172.192910849912,"No",1,3,1,2,1,5,22,12,2,5,2,5,2,1,0,3,2,2,2,4,2,2,5,5,4,1,6,2,6,4,2,1,4,6,4,2,-2,0,-3,1,-3,-3,1,2,1,-2,1,3,4,-2,-3,0,-3,-2,4,4,3,0,6,3,3,5,3,3,5,2,4,2,3,1,5,2,1,1,3,5,5,1,4,5,1,1,1,1,5,3,2,5,3,3,4,3,1,3,5,3,2,5,2,2,2,1,1,4,3,4,5,3,1,4,150.985861533203,"A",6,2,4,7,5,4,77,"Yes"
74492506,"Health MSc",6,7,85,61,"cat","echidna",175.026333486852,"No",1,4,5,1,4,2,4,13,7,1,1,1,5,2,3,4,4,3,2,2,2,5,1,1,7,7,4,2,1,6,1,1,4,4,5,6,-3,3,-1,-2,-2,2,2,1,2,1,5,4,3,-1,1,0,-1,-3,6,5,0,1,6,3,5,3,5,4,4,3,1,1,3,4,3,3,2,5,4,4,5,1,4,3,1,3,3,1,5,5,4,2,5,2,3,4,5,1,3,2,5,5,4,1,4,3,3,2,2,5,1,1,2,3,127.113284688627,"B",8,3,8,2,2,9,65,"Yes"
73659573,"Other Research MSc",6,7,53,71,"dog","platypus",178.527351876269,"Yes",4,5,5,3,1,2,14,8,2,4,6,1,2,3,1,1,2,1,2,4,1,1,5,2,1,3,5,3,3,6,2,5,5,6,6,1,-3,-2,3,-1,3,2,-3,-3,1,-3,0,5,6,2,1,-3,2,-2,1,5,3,4,6,1,4,2,2,3,2,3,3,5,2,4,5,1,3,5,4,1,1,4,2,3,5,2,2,3,5,4,5,3,3,5,1,2,5,2,5,3,2,1,1,3,1,2,1,5,1,5,2,5,4,4,34.0533129910785,"A",6,5,3,4,3,4,46,"Yes"
78742973,"Conversion MSc",7,9,53,41,"both","wombat",164.331380996382,"No",5,1,4,1,5,2,26,6,2,2,2,4,3,3,0,3,1,0,5,5,4,4,2,4,6,5,7,3,6,1,4,5,6,4,1,1,2,2,3,-1,-1,0,-1,3,1,1,0,6,3,3,3,3,-2,0,3,4,3,3,5,5,3,4,4,5,5,4,4,5,2,4,5,5,3,1,1,5,5,2,3,4,4,5,4,2,3,2,4,2,4,4,4,5,5,1,1,1,5,2,4,4,2,1,4,2,4,2,5,3,1,4,107.042984246944,"A",2,9,8,5,7,9,29,"No"
15875544,"Health MSc",4,4,75,11,"dog","kangaroo",151.845162313955,"No",2,1,5,5,3,2,25,29,7,2,3,3,2,3,4,4,0,2,1,5,1,1,4,3,7,2,7,7,6,0,0,0,3,5,4,6,2,-2,-2,-3,0,0,-1,-2,2,1,4,3,3,1,1,-1,-3,3,1,3,0,5,3,3,4,4,3,1,5,2,1,3,4,4,1,1,2,3,2,2,2,3,1,2,4,3,1,4,5,4,1,4,2,3,5,4,4,2,2,3,3,5,4,1,1,4,1,5,3,4,1,3,3,3,38.6679674488431,"A",5,4,6,2,1,3,49,"No"
90202198,"Other Research MSc",8,6,68,47,"cat","platypus",168.202820623945,"No",2,1,3,4,5,1,3,2,5,6,3,4,5,3,3,0,1,3,2,3,4,3,4,3,2,2,4,5,2,4,4,2,1,0,6,0,2,0,3,-1,-2,-3,-1,2,3,3,1,4,2,-2,1,1,-1,-3,4,3,5,3,2,4,1,5,4,2,1,4,4,4,5,4,2,3,1,2,1,3,2,4,4,1,5,2,5,4,3,3,2,5,5,1,3,4,1,4,2,5,4,3,1,3,4,4,5,3,1,5,1,5,1,4,196.196611090404,"A",2,7,4,5,6,5,80,"No"
68752202,"Other Research MSc",9,5,81,74,"dog","kangaroo",170.207117392807,"No",5,5,2,5,3,4,9,17,1,3,1,4,3,4,3,4,0,0,2,2,1,3,4,1,4,5,1,4,1,1,4,4,3,0,3,3,0,2,1,1,2,3,0,1,-1,-3,3,0,3,2,-3,0,-1,0,5,1,0,2,0,4,4,3,4,5,1,1,5,5,2,5,1,5,4,4,5,2,3,5,2,4,2,4,3,4,4,5,1,5,3,5,4,1,5,4,4,4,5,1,1,3,1,3,3,2,4,3,4,1,2,4,251.276244268735,"A",5,7,2,6,5,8,77,"Yes"
73780373,"Conversion MSc",7,8,83,81,"cat","wombat",182.95399796129,"Yes",1,4,3,5,1,1,22,28,2,2,3,6,4,3,0,2,3,3,3,3,1,4,3,2,1,3,2,4,5,1,6,4,3,1,1,1,-3,3,-2,-1,3,3,-2,2,3,-1,1,0,0,-1,0,1,3,-1,4,0,4,0,2,5,4,4,5,1,3,1,4,1,4,4,4,3,4,3,3,2,1,3,2,2,1,5,1,1,5,1,1,5,1,4,4,2,4,2,3,1,5,1,1,4,4,4,4,2,5,3,5,5,5,2,138.988171453568,"B",5,2,2,8,3,2,87,"Yes"
75857873,"Conversion MSc",9,9,67,16,"both","kangaroo",166.362745760691,"Yes",3,5,5,2,1,5,1,9,5,2,6,5,7,1,4,3,2,0,5,5,3,2,3,3,1,1,5,6,7,4,1,5,3,1,6,1,2,2,-3,-2,-3,3,1,2,-2,-1,0,0,2,1,1,3,-2,3,2,5,1,5,5,3,1,2,3,4,4,2,4,2,2,3,3,4,5,4,2,2,4,5,3,4,3,5,4,2,4,4,4,5,5,2,3,4,5,3,4,2,4,4,3,4,4,4,2,2,3,1,5,3,5,2,68.0808705228021,"A",6,4,4,1,6,1,71,"Yes"
93714905,"Conversion MSc",2,6,68,33,"both","wombat",155.151644552904,"No",5,5,2,1,1,4,26,8,1,5,5,1,1,1,3,4,2,0,2,1,5,3,4,1,6,2,2,6,3,6,0,5,2,5,2,5,0,-3,-1,2,0,-2,-2,-2,2,0,2,2,0,2,-3,1,3,-2,4,6,5,6,0,3,5,5,3,4,3,2,4,1,1,3,3,3,5,2,4,3,3,4,3,2,3,1,3,4,4,5,3,5,3,1,1,2,2,2,1,4,4,4,2,1,1,4,3,5,4,4,5,2,5,1,211.682132075764,"A",2,6,8,8,3,2,34,"Yes"
93012296,"Conversion MSc",7,9,54,89,"neither","platypus",179.848264480336,"Yes",1,3,5,5,5,4,1,14,1,6,3,2,1,4,1,1,3,1,1,4,3,4,2,3,7,1,1,6,4,1,4,2,4,3,6,4,1,1,-3,0,-1,2,3,-1,2,2,0,4,4,0,-2,1,0,-2,5,2,6,2,5,4,2,2,5,1,3,5,3,1,2,3,1,2,2,2,1,2,3,3,1,3,4,4,2,3,5,1,1,4,4,3,3,5,1,5,1,3,1,2,3,1,2,3,2,3,3,1,2,4,2,2,120.015848138692,"B",4,2,8,5,2,9,94,"Yes"
47132791,"Health MSc",9,4,92,62,"dog","koala",183.238884528182,"No",2,2,2,4,5,5,1,17,6,5,5,6,4,3,3,2,0,4,4,1,3,3,5,2,6,3,2,7,2,6,3,1,2,0,1,3,-3,-2,-1,0,-2,-1,1,0,-1,-2,3,3,6,0,1,3,-1,-1,3,3,1,6,1,1,5,3,2,4,4,5,2,4,4,5,1,2,2,1,3,3,1,5,5,5,3,4,2,4,5,2,3,5,3,3,1,4,5,5,4,4,3,3,3,1,2,1,4,1,4,3,5,2,1,5,101.321385798124,"B",6,6,8,7,3,1,52,"Yes"
45937425,"Conversion MSc",1,2,78,95,"cat","platypus",172.467858275992,"Yes",3,2,5,2,5,3,23,3,5,4,7,3,7,0,0,4,3,3,2,1,1,5,4,1,1,3,7,2,5,5,3,1,6,0,0,1,-3,3,1,-1,-1,-3,3,-1,3,-3,3,3,0,1,1,3,-1,3,5,5,1,6,0,2,1,2,4,1,5,1,1,2,4,1,3,3,4,2,3,4,3,4,4,1,4,3,1,1,4,1,3,1,5,1,3,1,2,1,3,3,2,4,3,1,1,5,4,3,4,3,3,3,5,5,13.375682529632,"B",1,2,6,1,4,9,5,"No"
67877993,"Conversion MSc",1,5,81,54,"dog","wombat",179.084359536115,"Yes",5,4,2,5,1,1,14,4,6,1,4,7,6,0,1,1,1,0,3,3,2,5,5,2,2,3,7,6,2,5,6,1,0,5,4,6,-3,-2,3,-3,2,0,0,-2,3,0,0,1,3,-2,3,1,2,2,4,5,1,0,5,1,1,3,4,1,1,2,4,4,1,2,4,5,3,1,4,4,1,4,2,3,5,5,2,2,5,2,1,5,1,3,1,3,4,5,2,2,3,3,5,5,1,2,5,4,5,3,5,4,2,2,13.9921505506862,"B",6,3,3,6,9,1,95,"No"
41578433,"Health MSc",5,5,82,100,"cat","kangaroo",191.503937741844,"Yes",1,4,1,4,5,4,26,9,2,3,3,5,6,1,2,3,1,1,4,1,1,1,3,5,4,6,7,3,4,4,2,4,6,0,5,0,-1,1,3,3,-3,-3,-3,1,3,-2,1,5,1,0,0,3,2,0,6,2,2,3,1,1,2,2,1,1,2,4,1,4,3,5,4,5,4,3,4,3,3,1,3,3,5,4,3,5,5,2,4,1,4,2,2,3,1,2,3,1,1,3,4,3,1,1,4,3,2,5,3,1,2,2,36.4620674911064,"A",2,4,9,3,4,2,25,"Yes"
64336605,"Other Research MSc",8,2,54,53,"cat","kangaroo",177.736197037268,"Yes",3,4,1,5,2,1,22,19,6,2,1,4,6,3,3,3,3,0,1,1,2,4,3,3,6,7,4,1,3,5,1,0,0,1,4,0,-3,0,1,0,-1,1,-2,-1,-3,-2,5,3,0,-3,-3,2,-1,0,1,5,4,4,0,4,1,3,2,3,4,1,1,2,4,4,3,5,4,2,2,4,5,5,3,3,3,3,4,5,5,3,4,2,5,3,3,5,2,2,5,5,3,3,2,5,3,4,2,1,1,1,4,2,2,3,75.0329999343799,"C",6,3,2,1,3,6,46,"No"
28031994,"Conversion MSc",1,3,54,43,"cat","echidna",170.713704215051,"No",3,4,2,3,5,5,7,26,3,6,5,3,4,0,0,4,0,0,1,1,5,2,5,5,1,1,5,6,3,5,6,1,6,3,4,0,1,1,-2,2,-3,3,-2,-1,-3,-2,4,0,0,1,3,-3,-2,1,0,5,1,4,5,4,1,5,5,4,5,5,1,2,2,2,4,2,2,3,1,1,3,4,1,4,4,2,1,3,4,1,4,1,4,1,1,4,5,1,2,1,3,1,3,1,2,4,1,5,1,1,5,2,5,1,196.033195756426,"C",6,7,3,9,7,7,10,"No"
19140687,"Conversion MSc",1,7,60,30,"cat","platypus",181.891394318627,"No",5,2,3,5,3,3,5,17,3,7,2,2,7,0,2,4,4,2,5,5,2,2,4,1,3,2,5,1,6,4,2,0,1,5,1,5,0,2,2,-2,0,1,0,3,-3,-1,5,5,2,3,0,0,-3,1,3,4,4,2,0,1,2,2,1,1,1,4,5,1,1,3,1,5,1,3,1,2,4,1,2,2,2,3,2,3,2,1,5,5,3,4,3,3,1,5,1,5,2,3,1,1,1,2,4,3,3,4,3,3,1,3,37.8273279612475,"B",1,3,8,5,9,5,55,"Yes"
76143341,"Other Research MSc",5,3,54,53,"dog","echidna",169.090415178975,"Yes",3,1,4,5,1,2,25,4,3,2,4,1,3,2,2,1,2,4,1,4,4,4,4,2,3,5,4,7,1,0,0,4,6,2,1,3,0,-1,3,1,-2,-1,2,3,0,1,4,1,4,1,1,0,1,3,3,1,4,6,3,5,1,2,3,4,1,5,3,1,1,2,1,3,3,5,4,1,2,1,2,1,3,1,4,3,5,3,1,2,4,2,5,3,1,3,5,1,3,2,4,3,3,5,3,3,5,4,1,4,3,2,174.877548233995,"B",8,8,6,6,7,9,75,"Yes"
65918031,"Health MSc",8,5,84,74,"dog","kangaroo",184.022662569774,"No",3,1,3,2,1,4,8,5,4,5,1,1,5,4,0,4,0,3,4,2,1,1,5,4,5,7,5,7,2,1,5,1,6,0,3,3,-1,1,-1,2,2,-2,-2,-1,-1,1,2,4,4,-2,1,-1,2,-2,1,0,5,1,0,5,5,2,1,5,2,5,5,1,5,1,1,3,3,5,4,3,2,1,1,4,5,2,1,4,1,4,4,5,5,1,1,1,3,4,5,5,3,1,4,2,1,4,5,1,3,5,5,5,3,3,42.9210158566215,"A",3,8,2,6,6,9,68,"No"
33375632,"Health MSc",6,2,73,78,"dog","kangaroo",169.719449979429,"Yes",4,5,2,2,5,4,3,16,4,7,3,1,6,0,3,4,1,2,3,2,1,5,1,1,2,5,6,3,6,6,0,4,1,1,6,1,0,3,1,-1,2,3,-3,-1,0,-3,4,4,5,-2,-2,0,1,-3,5,0,5,3,3,2,4,4,3,4,2,2,1,3,2,2,1,2,2,3,3,2,4,2,3,4,2,4,4,2,3,3,1,3,3,1,1,5,2,1,4,2,1,1,3,2,4,4,1,2,4,4,4,4,3,3,230.038518325915,"C",3,5,5,2,7,7,72,"No"
64484825,"Health MSc",6,2,87,8,"cat","kangaroo",175.462685151874,"Yes",4,1,2,2,4,5,17,17,2,5,4,5,5,0,2,4,3,3,2,1,4,2,3,3,2,7,7,7,2,1,2,0,6,1,3,5,0,3,-3,-2,-1,-2,-1,1,-1,-1,3,4,3,-1,-1,-1,-3,-3,0,3,3,3,5,2,3,1,1,2,3,5,4,4,3,1,1,3,5,5,3,5,3,3,3,2,3,4,1,3,4,3,2,2,2,1,2,2,4,2,2,4,3,5,3,5,5,5,3,1,1,5,2,2,3,4,8.53948550828463,"C",6,8,2,7,7,5,40,"No"
55737877,"Conversion MSc",2,8,85,58,"dog","wombat",183.533480904251,"No",3,3,1,3,3,1,10,25,1,2,3,2,4,3,0,3,2,4,1,2,1,5,3,1,7,4,3,3,2,0,3,0,6,5,6,4,-1,1,1,-3,-3,-2,-2,-1,2,2,1,6,6,-3,1,-2,-1,-1,5,3,5,4,5,4,2,3,5,4,4,5,1,1,1,4,3,2,2,3,2,5,3,4,2,4,2,2,3,5,2,1,5,5,5,2,2,5,2,5,3,4,2,5,5,5,1,4,4,4,3,5,4,4,1,5,7.39743057101235,"C",3,3,2,5,9,9,2,"No"
47005078,"Conversion MSc",6,7,72,5,"dog","koala",171.025365397771,"No",3,1,2,1,5,4,11,5,1,4,4,4,3,0,3,2,0,1,2,2,4,1,3,2,6,1,1,6,7,6,2,6,6,5,3,3,-2,-3,3,1,2,-1,3,-1,-1,-2,5,3,6,0,-3,0,1,-2,3,6,3,5,1,3,1,3,3,2,1,1,1,3,4,2,5,1,5,4,2,2,5,1,5,3,4,1,1,1,5,3,4,2,2,5,4,2,2,5,2,1,3,1,4,2,3,2,4,5,3,2,2,5,5,4,96.9849169021378,"B",8,8,6,3,3,3,4,"Yes"
13468737,"Other Research MSc",2,4,70,24,"both","echidna",169.258049271028,"Yes",2,4,2,5,1,5,9,14,5,5,7,3,2,0,2,0,2,0,3,2,2,1,2,3,4,3,4,3,4,0,5,3,3,2,0,0,-2,3,-1,-3,3,1,-1,0,3,0,1,6,5,0,-3,-2,-1,0,1,4,5,2,0,4,3,5,5,2,4,4,5,1,4,1,1,1,4,5,5,2,5,3,4,5,2,3,3,4,1,2,1,5,5,4,1,2,1,4,3,5,5,3,1,5,3,2,3,3,3,3,3,5,3,2,107.616829087519,"B",5,6,7,6,8,6,44,"No"
23488526,"Conversion MSc",8,6,60,14,"neither","wombat",170.182604883218,"No",2,3,5,2,5,3,24,16,1,6,3,2,2,1,4,3,1,3,2,5,1,3,3,4,6,4,3,1,2,3,3,1,2,6,5,2,2,-3,3,-1,-3,-1,-2,2,0,-1,0,3,4,-3,-1,-1,0,1,6,4,1,0,0,3,1,5,1,5,5,1,3,4,5,3,4,2,3,1,3,3,3,2,1,4,4,2,1,4,3,3,5,3,1,4,3,1,1,5,4,2,2,2,3,5,5,4,3,3,3,4,1,3,1,5,79.8304800167321,"C",3,2,6,7,6,9,37,"Yes"
96703229,"Health MSc",6,5,87,14,"cat","echidna",169.236550037381,"No",1,4,4,4,2,3,5,24,7,6,5,4,3,0,0,1,3,1,4,2,2,1,5,3,1,5,4,6,3,4,2,6,2,6,0,2,-1,-2,0,0,-3,-1,0,-1,-3,3,4,5,1,-1,3,0,0,2,2,2,6,2,1,2,3,5,3,3,5,1,1,2,2,5,1,1,4,1,4,2,2,2,1,4,4,1,3,3,1,2,3,3,5,4,1,5,4,2,2,3,2,1,4,3,2,5,3,1,5,3,4,3,2,2,114.512521972536,"C",8,7,5,2,9,6,23,"No"
97621899,"Conversion MSc",1,7,64,80,"cat","platypus",170.983250174974,"No",2,2,1,4,2,5,3,25,5,2,7,6,7,1,3,1,3,3,1,2,1,4,3,3,3,1,2,6,2,3,3,0,3,3,4,2,0,0,0,0,-2,-1,-3,-3,1,2,3,5,4,1,1,-3,1,1,1,6,0,6,5,3,5,5,1,1,4,1,4,1,1,1,3,3,1,4,3,4,3,1,1,4,4,1,3,4,3,3,5,2,3,1,4,1,4,2,3,4,5,4,4,1,5,3,4,5,5,1,3,2,4,5,187.378769666604,"C",3,9,1,8,6,5,86,"No"
22036265,"Other Research MSc",8,1,90,94,"neither","wombat",181.904597700427,"No",2,4,5,2,3,1,3,18,6,7,2,5,4,1,2,1,3,2,2,3,1,5,2,5,7,2,6,2,4,0,5,3,1,4,2,2,1,1,1,-2,0,3,3,0,-3,-2,2,2,0,-3,0,-2,-3,1,0,3,4,0,0,1,1,2,5,4,5,3,4,1,3,2,4,2,2,3,3,2,4,1,5,3,3,5,5,4,4,4,4,2,2,1,1,4,5,4,3,5,2,4,1,1,5,1,1,2,5,4,4,3,4,1,3.53620591388638,"A",9,4,3,8,6,4,1,"Yes"
93670568,"Conversion MSc",2,8,64,80,"cat","kangaroo",168.331573482088,"Yes",1,3,2,1,2,2,11,23,7,3,4,1,7,0,3,3,4,0,4,4,2,1,3,1,3,4,6,1,5,1,4,4,0,1,6,3,3,0,-1,2,1,-1,-3,-2,-3,2,6,1,5,-3,2,3,0,-2,1,5,0,3,1,1,5,2,2,1,2,1,1,5,3,4,1,4,3,4,3,2,3,5,4,1,5,2,2,3,2,4,2,4,5,2,1,5,1,2,5,4,5,1,2,5,1,3,3,4,3,2,3,1,5,4,1.90583234059569,"C",4,1,7,1,3,4,2,"No"
11854048,"Other Research MSc",2,4,83,90,"neither","platypus",161.88830222127,"Yes",4,2,3,1,4,3,22,17,7,6,7,6,4,1,0,3,4,2,5,2,4,2,5,5,1,2,2,7,1,4,4,4,0,2,0,0,0,-1,1,1,3,0,0,3,3,0,4,6,2,-3,2,0,-1,-1,1,1,2,1,0,1,3,3,1,3,5,4,1,2,5,1,2,5,1,2,3,2,4,5,3,1,4,5,3,4,5,2,5,2,1,3,4,5,4,5,4,1,5,1,5,1,5,5,3,3,5,1,4,2,1,4,147.293145817906,"B",1,3,5,1,6,4,18,"No"
18990087,"Conversion MSc",3,7,75,88,"cat","koala",175.125982101395,"No",3,4,3,3,1,5,18,10,5,6,2,6,4,3,4,0,0,2,5,5,2,1,4,2,7,2,4,7,1,1,4,3,1,6,1,6,-2,1,1,2,1,-2,2,-2,1,0,2,3,0,-3,-2,0,1,-2,0,1,3,3,4,4,3,1,5,4,4,1,3,5,1,5,3,4,2,4,1,5,3,3,4,5,1,2,5,5,1,1,2,5,4,2,3,5,5,5,4,1,5,1,3,5,1,2,1,3,5,5,3,2,5,2,141.221760947811,"B",4,3,7,7,7,5,23,"Yes"
76099033,"Other Research MSc",7,1,85,53,"both","kangaroo",177.830993887255,"Yes",4,3,2,3,3,1,2,3,2,7,5,5,5,1,2,0,4,2,1,4,3,3,4,4,4,7,5,7,4,2,5,4,5,0,2,1,0,0,0,-1,-3,-2,-2,2,2,-1,3,2,0,-2,-2,-3,3,-3,3,5,6,2,1,2,1,1,5,3,4,4,5,2,5,2,5,4,5,2,2,1,3,2,5,2,4,2,3,5,5,5,4,2,1,3,4,4,4,4,2,3,5,1,1,3,2,3,1,2,5,5,1,5,5,2,8.48394754429059,"B",8,1,3,8,1,6,1,"No"
54063496,"Other Research MSc",1,4,87,27,"cat","koala",163.02968301436,"No",4,3,1,2,5,5,9,19,6,5,1,7,5,3,1,3,0,2,5,4,3,3,4,1,6,2,1,7,5,2,1,6,6,6,3,4,1,0,0,-2,0,0,-2,-3,3,-3,0,4,0,2,0,0,1,3,2,1,4,0,1,2,1,2,1,4,2,5,5,4,5,2,1,5,4,1,2,3,3,4,3,1,2,2,5,3,3,4,3,5,4,5,4,5,1,2,1,2,5,1,5,3,3,4,4,2,3,3,5,3,3,2,137.24234418861,"C",8,5,1,9,4,1,15,"Yes"
99751576,"Health MSc",9,5,82,33,"both","echidna",160.382518195399,"No",5,2,4,1,5,3,20,3,7,3,2,6,7,3,1,2,3,1,2,3,1,3,2,4,2,3,4,6,3,5,4,0,1,0,4,6,2,-2,2,0,1,1,0,1,1,1,0,0,0,1,3,1,3,-2,2,3,2,3,4,1,3,1,5,5,2,1,2,1,5,2,3,5,4,3,2,1,2,5,2,5,2,3,3,1,5,2,5,2,2,1,2,1,3,1,4,2,4,1,3,1,2,5,2,3,3,3,2,4,4,5,83.7011478093749,"A",3,4,4,5,4,4,46,"Yes"
87649050,"Other Research MSc",3,7,51,69,"dog","koala",168.960988977202,"Yes",5,4,5,1,3,5,13,10,5,4,5,1,3,4,1,1,3,3,1,1,1,1,4,5,1,6,4,6,1,1,4,5,0,4,1,1,-1,3,-2,-2,1,2,-2,1,2,0,6,5,1,1,1,1,-3,-3,5,4,3,0,4,1,4,2,3,4,5,2,4,4,2,5,5,2,4,2,4,4,1,3,4,4,2,4,2,1,5,5,3,4,5,1,2,2,5,5,1,4,5,4,3,5,4,4,1,4,5,4,4,3,3,1,128.612398308789,"C",7,7,4,4,9,7,62,"No"
85837633,"Conversion MSc",7,2,61,3,"cat","echidna",174.059727971985,"No",1,1,3,5,4,4,30,20,6,5,6,1,5,1,4,1,4,1,3,3,4,2,3,3,1,1,5,5,2,5,0,3,3,3,3,3,-3,2,0,2,0,1,-2,0,-3,2,5,5,5,0,-1,1,-1,0,3,5,2,3,6,5,5,2,2,3,4,3,2,3,5,1,1,4,5,4,1,5,3,2,3,5,2,4,5,2,2,3,5,4,2,4,4,1,2,2,1,3,2,5,1,2,2,5,1,5,1,2,5,1,2,4,29.6170842019481,"B",4,1,1,6,5,1,88,"No"
46117359,"Other Research MSc",1,9,80,97,"cat","wombat",179.992531906765,"Yes",4,4,5,2,4,4,20,26,2,6,1,7,1,1,3,4,4,0,3,1,3,3,1,3,2,5,5,4,2,4,4,2,5,2,2,4,3,-1,-3,-1,0,2,1,-2,-1,2,5,4,6,3,3,0,-1,3,3,2,5,1,5,2,1,4,1,3,2,1,2,2,5,2,4,1,2,5,1,5,3,2,2,3,1,3,3,4,3,4,5,3,5,1,3,2,4,5,3,2,1,4,1,3,2,3,1,3,5,3,5,1,4,1,73.4338050053831,"C",4,8,9,8,2,2,54,"No"
89322995,"Health MSc",2,2,95,90,"dog","wombat",161.656659108033,"Yes",1,1,4,2,5,4,6,24,1,3,6,6,6,0,0,4,2,1,5,5,5,5,5,1,3,4,2,3,4,4,5,6,1,0,6,3,-2,-1,2,1,2,-3,-3,0,-3,-2,0,2,1,2,-3,1,-3,1,6,0,3,1,0,2,1,4,5,5,4,4,3,2,4,4,1,3,4,5,4,4,3,4,1,3,4,1,2,5,1,5,5,4,1,2,5,1,5,2,1,3,2,5,1,2,4,2,4,1,1,2,4,4,5,5,263.583834852852,"A",9,7,7,3,9,1,83,"No"
12956373,"Conversion MSc",8,3,79,30,"dog","wombat",155.337563178544,"Yes",1,4,1,3,5,3,29,21,1,5,4,6,2,3,1,0,3,3,4,1,5,1,3,5,2,3,7,6,4,3,3,3,4,1,2,0,1,-2,-2,-1,-2,3,0,3,-2,1,4,5,0,3,1,1,-3,-3,2,2,3,2,5,3,5,4,4,3,3,2,1,4,1,1,4,4,5,2,4,3,1,1,3,5,1,3,4,4,2,4,5,5,5,2,1,1,5,5,2,1,5,4,3,1,1,3,4,5,1,5,1,1,5,5,136.35556062218,"B",4,5,1,2,6,9,62,"Yes"
74902412,"Other Research MSc",3,6,64,61,"cat","platypus",178.497010554968,"No",5,2,2,2,5,4,26,7,7,1,1,7,7,4,2,0,2,3,2,1,4,4,4,5,7,7,5,7,6,5,0,2,5,1,6,4,3,2,-1,-2,-2,0,-1,-2,3,1,0,2,3,-2,2,1,1,3,2,0,4,3,6,3,5,5,3,2,3,4,3,2,2,2,2,4,4,5,1,2,3,5,2,4,5,2,2,1,2,4,5,2,2,3,2,4,3,4,1,5,5,2,5,1,3,5,1,4,2,5,1,1,3,1,76.8455239262914,"C",1,6,1,1,2,6,85,"Yes"
53444683,"Other Research MSc",8,9,58,16,"dog","wombat",170.524679607612,"Yes",3,1,3,4,3,2,1,14,5,1,2,7,6,2,3,4,3,0,3,1,5,1,1,4,5,1,3,1,6,6,0,5,5,6,6,4,0,-3,-2,2,1,-1,0,0,1,2,3,0,1,-1,2,-3,1,0,2,4,3,2,1,5,2,1,3,3,4,4,1,3,3,3,1,5,3,3,1,5,2,4,3,4,1,5,1,5,1,5,1,3,3,1,3,3,2,4,1,1,4,5,5,2,2,5,4,2,3,1,4,3,4,2,152.252231238037,"C",9,3,8,2,5,3,7,"No"
36163063,"Other Research MSc",1,2,88,92,"neither","echidna",187.112652372054,"Yes",5,1,1,3,4,3,19,10,2,6,6,4,5,1,3,3,2,4,3,2,4,2,5,2,7,3,1,7,2,5,6,1,3,1,6,3,1,-3,-2,-2,-3,3,-2,-2,-1,3,3,5,6,2,0,2,0,3,6,6,5,6,5,5,2,5,1,1,5,1,3,3,5,5,4,5,4,4,4,4,4,1,2,5,2,2,3,1,5,4,3,4,1,2,4,3,1,5,3,2,5,1,5,5,5,5,4,5,4,5,2,5,2,1,188.563160941166,"A",1,6,1,8,6,7,42,"No"
55048214,"Other Research MSc",6,8,51,12,"neither","koala",176.712827316909,"Yes",2,4,5,5,4,4,17,27,2,5,7,5,4,3,4,4,4,3,4,2,2,4,3,3,2,6,7,5,2,2,3,4,1,2,3,3,-1,-3,-2,-1,-2,3,1,-2,-3,-3,0,0,6,0,-3,1,-2,-3,3,2,3,4,5,5,5,1,5,1,3,2,2,1,3,2,2,3,5,5,2,5,1,1,4,1,1,5,1,4,2,4,4,2,4,1,1,1,1,3,5,1,3,3,5,3,5,5,4,4,1,4,3,4,3,3,175.336398142197,"A",8,5,6,6,7,8,66,"No"
86360261,"Conversion MSc",1,8,91,36,"cat","platypus",175.987713221815,"No",5,5,3,3,4,1,22,12,7,6,4,6,5,1,4,2,2,4,2,1,5,2,2,1,3,7,2,6,2,5,6,5,0,3,6,3,0,2,-2,3,2,-1,1,-3,-2,-1,2,3,0,3,-3,1,2,0,3,1,0,5,3,1,5,3,1,5,2,1,4,3,4,2,3,2,3,2,1,4,2,1,5,1,5,5,3,4,2,3,1,2,4,5,3,1,1,4,4,5,5,5,1,2,1,5,4,2,3,3,1,5,1,1,205.425927029604,"C",4,9,6,1,4,9,30,"No"
42764857,"Other Research MSc",9,8,50,5,"dog","echidna",161.604582262855,"Yes",4,1,3,3,1,2,2,4,3,2,7,6,6,1,1,4,3,3,2,2,1,4,5,1,2,5,5,3,6,2,5,0,2,5,6,1,3,2,-1,1,1,2,-2,0,-1,1,5,2,5,1,3,-3,-1,-3,5,3,3,5,2,1,2,2,1,3,1,5,2,4,3,1,3,3,1,4,2,3,2,3,4,2,5,4,1,3,5,4,5,3,1,1,3,5,2,1,4,3,3,3,5,3,4,5,4,2,4,2,3,5,3,4,47.0101552858633,"C",5,1,1,7,6,3,68,"Yes"
28868652,"Other Research MSc",1,7,57,3,"dog","echidna",160.382244189613,"No",5,2,4,4,3,5,3,18,3,2,2,7,5,0,4,3,4,3,1,1,5,5,3,4,3,6,6,5,7,5,1,1,3,1,6,3,1,-1,2,-3,-1,0,-3,-1,0,3,2,2,2,1,-2,0,-1,-1,1,1,4,2,3,2,1,2,5,1,2,1,3,4,1,2,2,1,2,2,5,1,5,3,2,2,3,4,5,5,3,1,1,2,1,3,2,5,2,4,1,4,2,3,4,5,1,4,4,2,1,3,5,2,5,2,224.261612812861,"C",5,5,3,8,4,9,15,"Yes"
83195305,"Other Research MSc",1,9,91,43,"dog","wombat",194.61294409235,"No",5,5,4,5,4,4,30,2,1,1,4,3,5,4,1,2,1,1,3,2,1,3,4,3,2,6,3,1,7,6,2,6,6,6,0,0,-2,0,-3,-3,-1,-2,1,-3,-2,-1,4,4,6,-1,3,2,0,-3,3,1,6,6,3,2,4,2,1,5,3,4,4,4,3,4,5,4,4,4,5,4,2,2,4,2,2,4,4,4,2,3,5,1,4,4,4,4,2,5,5,3,2,5,3,1,2,4,5,4,5,3,4,3,3,1,241.247147817198,"A",5,6,1,9,9,6,98,"No"
39688648,"Health MSc",5,9,88,36,"cat","kangaroo",192.188277174062,"No",1,2,4,1,1,2,1,10,7,4,4,5,6,2,2,4,4,1,2,2,5,3,1,2,4,1,6,1,3,1,2,1,6,6,5,2,-1,0,1,1,0,-2,-2,2,2,1,1,4,2,-2,0,1,2,-2,2,3,3,2,0,2,5,3,5,2,3,3,3,1,2,5,4,5,4,1,3,2,2,5,4,2,1,5,2,5,1,5,2,4,2,4,5,3,3,2,1,4,4,2,4,5,3,5,3,3,1,2,3,4,5,4,28.9247884293604,"A",8,5,1,6,2,9,78,"No"
73709989,"Health MSc",3,7,85,61,"both","kangaroo",178.54775710806,"Yes",1,1,2,5,2,5,26,26,6,3,6,4,7,1,2,4,3,3,1,2,4,5,2,1,6,5,6,3,7,3,1,4,2,2,5,5,3,2,-2,-1,-2,-1,1,3,2,-1,6,1,3,0,-2,3,3,1,4,5,0,2,4,2,5,2,3,1,2,1,5,4,1,1,2,4,2,4,2,5,1,4,3,5,4,1,4,3,3,2,3,5,1,2,1,5,1,5,2,5,5,3,1,3,4,1,1,5,1,3,1,4,1,1,262.879060639476,"B",9,1,6,9,8,7,20,"No"
37650697,"Conversion MSc",3,5,80,22,"dog","platypus",173.967161940643,"Yes",1,2,4,5,1,3,23,0,6,5,7,4,6,3,1,3,2,2,5,5,5,4,2,2,3,6,6,2,1,2,2,3,5,1,5,1,-1,3,0,-3,1,-3,0,-3,-3,-2,5,0,4,3,-3,2,-3,1,6,6,1,0,2,2,2,4,3,3,3,2,2,3,2,4,3,4,2,2,3,3,2,3,5,5,1,3,5,3,2,2,4,1,2,2,2,3,5,3,5,1,1,1,2,3,1,5,3,5,2,2,3,3,1,4,100.772241432933,"A",1,4,1,9,9,3,51,"Yes"
15779225,"Conversion MSc",2,3,69,57,"neither","koala",173.85640615264,"Yes",5,4,3,5,4,5,26,23,7,5,7,6,3,4,1,3,4,0,2,3,3,3,4,4,1,7,6,4,5,5,5,2,5,0,6,1,3,1,2,1,1,-1,2,0,-2,-1,6,4,4,0,-3,-3,0,-1,3,5,5,0,1,1,4,3,4,5,1,4,4,4,2,2,4,4,5,3,5,1,5,4,3,3,3,2,1,3,2,4,5,3,3,5,2,1,4,2,1,3,1,5,3,3,4,4,2,5,2,2,3,4,5,5,104.08164500921,"C",2,1,1,3,5,8,23,"Yes"
23592283,"Health MSc",5,6,95,10,"cat","echidna",187.209963997092,"No",3,4,3,4,2,2,12,8,4,2,2,7,5,1,1,4,4,3,5,4,1,1,5,1,6,2,7,6,5,5,1,1,0,1,6,5,-2,-3,-2,-2,3,2,3,3,-1,-2,6,5,1,0,0,3,-2,2,0,1,2,4,0,1,1,3,1,4,4,1,1,5,5,5,5,2,4,3,5,1,3,3,4,2,1,1,4,3,3,3,5,4,2,1,5,3,3,5,5,4,2,3,4,4,1,4,4,1,1,2,2,1,1,4,107.922040291633,"A",7,3,5,2,2,8,99,"Yes"
81488242,"Other Research MSc",8,6,86,2,"neither","kangaroo",166.88134910837,"No",4,4,3,2,4,2,21,29,3,6,5,3,7,3,0,2,1,2,4,4,5,3,5,2,3,4,3,2,1,6,6,5,2,1,3,0,-3,-1,1,2,-3,1,-3,0,-1,0,3,2,0,3,1,3,0,0,5,3,0,6,2,1,4,1,4,5,5,4,3,4,3,3,2,4,3,5,2,1,2,3,5,3,3,2,3,1,1,4,3,2,1,2,4,4,1,1,1,5,1,5,2,1,4,2,5,1,5,3,1,5,2,5,20.6550653390962,"C",8,2,5,7,1,4,98,"No"
58497511,"Other Research MSc",2,6,74,22,"cat","wombat",163.02978870316,"No",4,5,5,4,3,5,30,3,5,3,1,2,6,2,4,3,3,3,5,3,2,5,2,5,4,4,6,2,7,2,1,5,0,3,0,5,2,1,1,-2,1,-1,2,0,0,-1,4,4,0,-3,0,-3,-1,-3,4,3,1,4,2,5,2,4,1,2,5,2,5,2,1,2,4,5,2,4,1,3,5,1,5,2,4,1,2,3,2,3,4,1,1,3,3,2,3,5,2,5,3,1,5,2,5,4,1,5,5,4,4,3,1,1,290.933595604187,"A",4,2,5,5,3,8,29,"Yes"
61214895,"Health MSc",3,4,80,21,"dog","wombat",175.887606179875,"Yes",2,3,5,1,1,3,4,18,4,2,7,4,3,1,4,3,2,2,2,4,4,4,5,4,3,3,5,3,4,2,0,3,1,2,2,0,-3,3,-3,2,-1,1,-3,0,3,2,5,0,5,-1,-2,-2,-3,2,0,1,5,5,6,2,1,2,1,4,4,2,1,1,2,3,3,2,5,4,2,2,2,2,2,3,5,5,3,2,2,1,5,1,1,2,1,2,2,3,3,3,1,4,2,2,2,2,4,1,3,4,5,5,3,5,196.232863700617,"B",8,3,9,8,9,5,45,"No"
84512168,"Health MSc",2,2,59,82,"cat","koala",183.472138137834,"No",5,2,2,1,4,5,30,30,3,6,5,4,6,3,0,1,0,1,1,5,4,2,2,5,3,3,6,3,2,3,6,6,5,2,4,3,3,-1,-3,-3,1,2,3,3,-3,-2,0,4,5,0,-1,-2,-2,-2,0,3,3,5,3,3,3,2,5,4,2,4,1,4,2,2,2,5,5,3,2,3,2,3,1,4,4,1,2,4,4,2,2,3,2,5,3,5,4,4,2,1,5,1,5,1,4,5,4,2,4,2,3,2,2,3,12.9990697847067,"B",8,9,2,2,7,9,71,"Yes"
32390678,"Health MSc",5,6,73,67,"both","platypus",157.412036204,"No",4,3,1,3,4,3,17,4,4,3,7,1,1,2,1,3,3,2,1,1,5,1,3,3,4,6,3,2,2,0,6,3,1,3,1,0,-1,2,3,3,3,1,0,-3,-2,-2,5,5,3,2,-2,-3,-3,0,6,6,4,2,6,3,1,5,1,2,4,5,2,4,4,3,4,2,4,5,1,2,5,5,4,1,2,3,3,2,4,4,2,2,3,4,4,4,3,4,3,3,4,3,2,4,5,4,4,3,2,4,4,5,1,4,89.1100783376938,"A",7,2,1,4,3,9,39,"No"
68570121,"Conversion MSc",9,5,60,24,"both","kangaroo",179.807628937992,"No",1,3,2,4,5,5,30,8,7,7,4,7,4,1,3,1,0,2,2,4,4,4,4,1,4,1,3,2,4,3,2,5,1,2,0,0,0,-1,2,2,-2,-1,0,3,-3,-2,3,3,5,-2,3,-3,-2,-1,4,1,0,2,3,2,5,4,5,4,2,2,2,4,2,2,5,2,2,2,2,1,1,4,5,4,4,5,5,2,3,4,4,3,5,3,5,1,3,4,5,4,5,1,3,5,1,5,3,4,5,1,2,5,2,2,158.854150617244,"A",7,5,6,2,6,1,7,"No"
24899866,"Other Research MSc",6,9,92,20,"cat","wombat",168.5494905004,"Yes",2,4,4,4,4,4,16,23,2,3,3,1,7,4,1,1,4,3,3,3,4,5,3,2,5,2,7,3,5,2,2,3,0,2,6,5,-3,0,-1,-1,0,1,3,-3,-2,-1,1,0,0,1,-2,-3,-3,0,0,2,1,1,5,5,1,3,5,2,5,5,1,4,1,5,5,1,5,5,4,4,1,3,1,1,2,5,4,5,4,5,4,3,3,2,5,3,3,4,5,2,5,2,2,5,4,5,1,5,1,2,4,2,5,2,35.518579098284,"C",5,5,4,6,3,5,76,"No"
55332446,"Health MSc",2,1,74,87,"cat","wombat",174.124641924581,"Yes",5,1,2,3,2,1,20,17,5,5,2,2,6,0,4,2,1,0,2,5,3,3,3,4,7,3,7,6,2,0,2,4,1,4,3,6,0,-3,3,1,2,-1,-2,3,3,-1,2,2,2,-1,0,-1,-2,-3,2,6,2,3,4,2,4,1,3,5,1,5,3,4,1,2,5,3,4,4,2,1,1,5,3,1,4,2,4,2,5,5,5,5,4,4,2,1,2,5,2,1,2,3,3,3,2,5,5,5,1,4,2,4,4,1,137.286489400374,"B",5,7,9,4,4,6,84,"No"
87568046,"Conversion MSc",9,5,87,55,"dog","platypus",180.719320415605,"No",1,5,5,1,3,1,22,2,4,1,7,2,7,3,2,4,3,0,5,1,1,5,1,2,7,6,2,2,6,4,5,4,2,6,1,4,-2,0,0,-1,-2,3,2,0,3,0,2,6,2,1,2,3,-3,-1,5,4,6,3,3,5,4,4,2,2,1,3,1,4,1,5,5,4,5,1,1,5,5,5,2,3,2,1,1,3,3,1,1,4,4,3,5,2,4,3,5,2,4,2,4,4,3,1,3,2,2,4,3,5,5,1,130.487564142799,"C",2,5,2,2,9,7,66,"No"
64842006,"Other Research MSc",6,4,89,74,"both","platypus",199.980791865823,"Yes",4,3,1,4,3,4,27,1,3,2,6,3,2,4,2,0,3,1,4,1,3,5,3,3,7,2,6,5,7,6,3,0,5,3,6,4,0,0,3,-3,3,-1,3,3,1,-1,5,5,6,-2,1,0,3,-3,4,0,3,6,0,1,5,3,2,3,2,4,5,2,4,2,4,2,4,5,2,3,3,5,2,5,3,3,5,1,2,4,3,1,1,2,5,1,2,4,4,4,2,2,2,4,2,1,3,4,3,4,2,5,4,1,81.5602985008872,"B",1,9,1,7,6,2,46,"No"
33787501,"Conversion MSc",3,8,78,49,"cat","wombat",178.193678655469,"Yes",5,2,2,2,5,4,9,16,3,5,4,4,5,2,0,1,2,0,1,3,4,2,2,2,5,2,4,1,6,5,3,3,1,2,3,6,-1,3,-1,-3,-2,3,-3,3,-3,2,3,3,0,3,2,-2,-3,-1,4,3,4,1,1,2,4,2,4,1,5,4,4,1,4,3,2,2,3,2,3,5,1,5,2,5,1,2,1,2,5,4,1,4,4,2,4,1,2,4,1,4,3,5,5,3,3,5,4,5,2,1,4,2,2,5,36.9154909150065,"A",3,2,3,2,3,3,22,"Yes"
85759399,"Conversion MSc",2,5,94,60,"dog","platypus",165.508171784453,"Yes",2,5,4,1,1,3,21,13,3,3,1,1,6,1,4,1,2,0,2,4,3,4,5,4,1,3,5,7,7,3,1,4,3,5,0,6,-2,-2,3,-2,-1,2,-3,2,1,-2,6,4,0,-1,3,1,-2,2,0,1,0,5,6,3,4,1,2,2,2,5,5,2,2,2,1,5,5,2,4,5,5,4,1,5,5,4,5,3,1,2,2,1,5,4,1,1,2,1,1,4,3,2,2,2,2,3,4,1,1,4,4,4,1,5,69.6132916316259,"C",5,6,3,8,5,5,31,"No"
33725192,"Other Research MSc",5,1,59,89,"both","kangaroo",189.913455055538,"No",3,3,4,2,3,5,15,7,5,6,7,7,6,3,1,4,4,4,2,1,1,3,5,2,1,4,4,7,7,0,5,1,0,0,4,2,-1,0,-1,3,0,2,1,-1,2,-1,5,0,2,2,2,0,-2,-2,6,1,0,4,2,5,1,2,1,3,3,4,4,4,5,3,2,1,3,4,5,2,4,4,2,5,2,4,3,3,2,2,3,2,1,2,5,1,5,5,5,4,3,5,2,4,5,1,3,4,5,2,3,4,4,1,264.348432207313,"A",6,9,5,3,4,2,4,"Yes"
55282355,"Conversion MSc",3,4,58,89,"dog","echidna",183.973531218297,"Yes",1,4,1,3,4,2,14,7,4,5,3,2,5,3,2,2,4,2,2,4,5,3,5,2,2,2,6,5,2,2,3,0,1,6,6,1,-1,-1,-3,-1,0,-1,1,0,3,-2,0,0,5,-3,0,3,3,0,0,5,4,2,4,2,1,1,4,1,3,2,4,1,5,1,2,3,5,1,5,5,1,1,3,4,5,3,1,2,3,5,3,3,5,2,5,2,3,2,5,2,1,2,4,4,3,3,5,3,4,1,4,1,2,4,100.419871462443,"B",9,2,9,5,7,3,75,"Yes"
38396350,"Health MSc",5,7,72,91,"neither","platypus",166.00049484585,"Yes",3,4,5,5,2,2,14,17,4,2,2,7,6,3,2,3,2,0,2,3,1,2,4,1,4,2,5,5,3,0,0,2,2,3,4,2,-2,0,-2,0,-3,-2,3,2,0,-3,6,2,4,1,-1,-2,0,-2,0,3,5,2,4,4,2,3,3,1,2,1,2,4,5,1,3,1,1,3,5,2,1,5,5,3,1,4,4,4,3,1,2,2,4,4,5,5,4,2,3,5,2,2,4,3,4,4,1,2,4,5,1,5,3,5,211.339726375949,"C",3,2,4,1,3,1,51,"No"
85827982,"Conversion MSc",5,4,71,24,"dog","koala",172.120471132875,"No",3,3,4,2,5,3,17,16,7,1,4,2,4,3,1,2,1,4,3,1,3,3,1,4,6,4,7,1,6,3,5,1,3,3,4,3,2,-1,-3,-2,3,-3,-1,2,-3,-2,4,1,4,-2,3,2,1,1,5,2,0,2,6,1,2,5,5,2,4,1,5,3,2,5,2,3,3,1,1,1,3,4,2,5,1,4,5,1,4,1,1,1,1,5,4,4,3,3,4,1,4,5,3,2,3,3,5,5,5,1,2,4,1,2,157.918984965784,"A",1,8,8,8,2,7,8,"No"
72377019,"Other Research MSc",7,1,55,12,"neither","kangaroo",166.028663788086,"No",5,2,1,3,5,4,24,29,2,6,7,7,1,1,2,1,4,3,1,1,5,1,1,5,6,5,5,1,4,1,6,3,2,0,3,4,1,-1,2,-2,-3,2,1,2,0,1,4,4,0,-2,0,-3,0,1,5,2,2,1,4,5,5,5,5,3,2,1,4,2,1,4,2,3,2,4,5,2,2,1,1,5,4,4,1,4,5,1,3,3,3,3,4,4,4,2,3,2,3,1,1,3,5,3,1,4,2,1,5,4,5,5,21.3838133230312,"C",1,4,9,7,5,9,34,"Yes"
11142916,"Health MSc",3,7,59,10,"neither","koala",179.080701976644,"Yes",1,2,1,1,4,4,7,19,5,6,4,2,1,3,4,1,1,2,1,1,4,5,4,4,2,1,7,2,3,6,1,3,4,6,6,2,1,1,1,2,-2,-3,-3,-1,2,2,1,2,3,0,0,-3,-3,2,1,4,3,6,5,4,5,4,5,1,4,3,3,3,2,1,2,5,2,2,5,4,4,5,4,1,4,1,2,2,1,1,3,5,4,3,1,1,2,3,1,3,2,1,2,4,1,1,2,4,5,5,2,1,4,5,72.7463071079007,"B",6,4,4,2,7,1,88,"No"
77015793,"Conversion MSc",9,4,73,85,"cat","kangaroo",160.624468361656,"Yes",4,5,1,3,2,4,21,16,4,1,7,1,1,0,4,2,1,1,2,4,4,3,1,5,3,6,5,1,5,3,0,1,0,0,4,1,-2,-1,0,0,1,-2,2,-2,1,3,5,5,0,-1,-1,-2,0,-1,1,3,0,5,5,5,2,3,3,3,1,2,3,5,5,4,2,4,5,1,2,5,5,1,5,1,5,4,3,3,3,1,5,5,4,3,5,3,4,3,3,4,3,5,1,3,5,2,3,4,1,3,2,3,5,2,100.499692892718,"C",7,3,4,7,9,7,79,"Yes"
61255234,"Conversion MSc",2,2,80,48,"dog","kangaroo",171.439703428676,"Yes",2,1,5,2,5,4,9,2,3,7,3,6,1,0,1,2,2,1,5,3,5,5,5,2,5,2,4,6,4,2,5,0,3,2,0,2,3,0,2,2,-2,-2,3,-1,3,1,3,1,5,2,-2,0,-3,-1,0,2,5,6,0,4,4,1,5,5,2,5,5,4,5,1,3,2,2,5,3,3,5,2,2,3,1,5,1,1,5,4,1,4,4,5,5,5,4,3,4,1,3,3,5,4,2,1,5,5,4,1,5,2,3,1,3.71333025463809,"A",2,8,7,1,9,4,23,"Yes"
57113334,"Other Research MSc",2,7,71,48,"both","kangaroo",154.576559066211,"No",5,3,5,4,5,3,22,6,6,3,6,6,1,3,3,4,3,1,4,4,5,1,3,1,6,4,4,2,2,4,5,6,5,1,4,4,0,0,0,2,-2,1,1,3,-2,1,4,2,1,-3,-1,-1,-2,-2,1,0,2,2,3,3,1,5,2,2,4,4,5,4,2,5,3,1,3,1,1,3,1,4,1,2,1,2,1,1,2,5,1,3,2,1,3,2,5,3,5,1,5,4,4,2,4,1,5,5,5,3,2,3,4,4,131.211292002144,"B",1,3,5,2,6,8,46,"Yes"
47992780,"Other Research MSc",9,3,55,64,"dog","echidna",184.594966159594,"No",1,1,3,2,5,2,21,4,6,2,5,4,2,2,0,2,4,2,3,1,2,5,5,5,1,1,2,1,1,5,4,5,4,4,0,1,1,3,2,-1,1,1,-2,3,2,2,1,6,5,-2,-2,3,1,2,4,6,2,0,4,1,4,3,2,1,2,2,4,1,5,3,3,5,1,2,5,4,4,4,3,3,1,5,1,5,3,4,4,1,2,4,1,2,4,3,5,4,5,1,3,4,3,1,2,5,4,4,3,2,5,5,169.111887124967,"B",6,5,1,5,1,6,77,"No"
88046814,"Conversion MSc",2,1,84,71,"cat","echidna",184.974471015132,"No",2,2,1,2,1,4,18,26,4,5,4,2,6,2,0,1,1,2,3,2,1,5,4,3,1,1,1,1,4,1,6,2,4,5,5,2,0,-3,0,3,1,-1,-1,2,0,3,1,3,3,0,-1,0,2,-2,6,0,1,0,0,2,2,1,4,5,1,2,4,3,4,4,1,1,5,3,2,2,5,4,2,2,5,2,4,2,4,3,4,5,3,2,1,1,1,4,2,3,1,5,2,4,2,2,3,1,4,4,2,5,4,1,100.969498323876,"A",7,3,8,2,2,3,23,"No"
12973414,"Other Research MSc",6,7,89,38,"dog","wombat",169.64586039679,"Yes",2,5,3,1,1,3,2,10,6,1,5,3,5,3,1,2,2,0,1,3,1,1,2,3,6,7,1,5,3,1,4,4,4,4,5,4,-3,-3,-1,3,-3,1,-2,0,1,3,5,0,2,-3,-3,3,3,3,4,6,2,3,4,5,2,4,4,5,1,2,4,2,3,5,5,2,5,2,3,5,4,4,2,4,5,4,5,2,4,4,5,2,2,1,5,5,1,2,3,1,1,3,1,5,4,3,4,5,2,4,3,5,3,4,48.5790028835759,"B",5,3,9,9,7,9,49,"Yes"
47422258,"Health MSc",5,3,94,56,"neither","kangaroo",173.010722597075,"No",2,5,3,3,5,5,17,6,5,5,2,5,3,2,4,3,4,1,4,4,5,1,2,1,2,4,4,5,7,4,5,4,3,3,2,2,2,-2,-1,-1,2,-2,0,-3,3,-1,4,5,0,-3,-1,3,3,-3,6,2,0,3,1,2,3,2,3,3,5,4,3,5,5,3,3,4,5,2,1,5,4,5,5,1,1,1,1,3,5,4,3,5,3,2,2,1,5,2,1,5,5,2,4,1,2,1,2,2,5,4,4,1,5,4,10.2448962851369,"C",1,3,8,5,2,9,16,"No"
52042819,"Conversion MSc",5,7,61,31,"dog","koala",162.907118578463,"No",3,2,2,3,4,3,8,7,3,1,4,6,3,1,2,1,0,4,5,2,5,5,1,5,1,4,2,1,1,1,0,1,6,3,4,3,1,-3,-2,-2,0,3,-3,-2,2,1,3,2,2,-2,1,0,0,-1,5,1,1,0,1,1,3,5,1,1,1,5,1,3,2,4,1,4,1,1,4,1,1,5,4,2,2,2,2,5,4,4,2,1,5,5,2,2,5,2,5,4,1,4,2,2,3,5,1,5,5,5,3,2,3,5,82.1997018940133,"C",3,6,5,9,9,4,30,"No"
